Year,Genus,Species,Total_Count
1960,Aphelenchoides,composticola,1
1960,Ditylenchus,myceliophagus,1
1960,Hemicycliophora,gigas,3
1960,Hoplolaimus,tylenchiformis,1
1960,Tylenchorhynchus,martini,1
1960,Xiphinema,campinense,3
1960,Xiphinema,krugi,1
1961,Helicotylenchus,canadensis,1
1962,Ditylenchus,dipsaci,1
1962,Radopholus,oryzae,1
1963,Pratylenchus,thornei,1
1964,Aphelenchoides,parietinus,1
1964,Heterodera,trifolii,1
1964,Longidorus,elongatus,1
1964,Meloidogyne,coffeicola,1
1964,Trichodorus,viruliferus,1
1964,Xiphinema,diversicaudatum,1
1965,Aphelenchoides,parietinus,1
1966,Heterodera,glycines,2
1966,Heterodera,schachtii,5
1968,Meloidogyne,acronea,2
1968,Meloidogyne,arenaria,1
1968,Meloidogyne,decalineata,1
1968,Meloidogyne,ethiopica,1
1968,Meloidogyne,exigua,1
1968,Meloidogyne,graminis,1
1968,Meloidogyne,hapla,1
1968,Meloidogyne,incognita,1
1968,Meloidogyne,inornata,1
1968,Meloidogyne,javanica,1
1968,Meloidogyne,megadora,1
1968,Meloidogyne,poghossianae,3
1968,Radopholus,similis,1
1968,Rotylenchulus,reniformis,1
1968,Tylenchorhynchus,nudus,2
1969,Belonolaimus,longicaudatus,1
1969,Dolichodorus,miradvulvus,2
1969,Helicotylenchus,dihystera,1
1969,Heterodera,avenae,1
1969,Pratylenchus,brachyurus,3
1969,Pratylenchus,coffeae,1
1969,Pratylenchus,neglectus,1
1969,Pratylenchus,penetrans,1
1969,Pratylenchus,vulnus,2
1969,Pratylenchus,zeae,1
1969,Rotylenchus,uniformis,5
1969,Tylenchorhynchus,claytoni,1
1969,Tylenchulus,semipenetrans,1
1969,Xiphinema,americanum,1
1970,Aphelenchoides,ritzemabosi,1
1970,Hemicycliophora,arenaria,1
1970,Heterodera,betulae,1
1970,Hirschmanniella,gracilis,1
1970,Hoplolaimus,concaudajuvencus,1
1970,Longidorus,africanus,1
1970,Longidorus,attenuatus,1
1970,Nacobbus,aberrans,1
1970,Nacobbus,dorsalis,1
1970,Pratylenchus,penetrans,1
1970,Tylenchorhynchus,martini,1
1970,Xiphinema,diversicaudatum,1
1970,Xiphinema,index,2
1971,Ditylenchus,triformis,1
1971,Hoplolaimus,galeatus,1
1971,Trichodorus,porosus,1
1971,Trichodorus,primitivus,3
1971,Tylenchorhynchus,acutus,2
1971,Tylenchorhynchus,curvus,1
1972,Aphelenchoides,cibolensis,3
1972,Criconemoides,humilis,3
1972,Heterodera,graminophila,2
1972,Heterodera,lespedezae,1
1972,Meloidogyne,incognita,3
1972,Meloidogyne,ottersoni,1
1972,Tylenchorhynchus,agri,1
1972,Tylenchorhynchus,cylindricus,1
1972,Xiphinema,brasiliense,1
1972,Xiphinema,chambersi,1
1972,Xiphinema,itanhaense,2
1972,Xiphinema,krugi,1
1972,Xiphinema,macrostylum,1
1972,Xiphinema,vulgare,2
1973,Aphelenchoides,goodeyi,2
1973,Longidorus,martini,1
1973,Meloidodera,floridensis,1
1973,Meloidogyne,graminis,1
1973,Pratylenchus,penetrans,2
1974,Aphelenchoides,blastophthorus,1
1974,Aphelenchoides,rutgersi,1
1974,Belonolaimus,longicaudatus,1
1974,Criconemoides,inusitatus,1
1974,Helicotylenchus,platyurus,1
1974,Heterodera,oryzae,1
1974,Longidorus,elongatus,1
1974,Pratylenchus,thornei,1
1974,Xiphinema,bakeri,2
1975,Dolichodorus,heterocephalus,1
1975,Helicotylenchus,dihystera,1
1975,Heterodera,iri,3
1975,Longidorus,breviannulatus,1
1975,Longidorus,martini,1
1975,Meloidogyne,microtyla,1
1975,Pratylenchus,loosi,2
1975,Pratylenchus,scribneri,1
1975,Scutellonema,bradys,1
1975,Tylenchorhynchus,claytoni,1
1976,Anguina,plantaginis,1
1976,Criconemoides,inusitatus,2
1976,Helicotylenchus,egyptiensis,3
1976,Helicotylenchus,microcephalus,2
1976,Heterodera,trifolii,1
1976,Hoplolaimus,columbus,1
1976,Longidorus,caespiticola,1
1976,Longidorus,macrosoma,1
1976,Meloidogyne,coffeicola,1
1976,Rotylenchulus,reniformis,1
1976,Rotylenchus,alpinus,1
1976,Rotylenchus,orientalis,1
1976,Tylenchulus,semipenetrans,1
1976,Xiphinema,coxi,1
1976,Xiphinema,mediterraneum,3
1977,Anguina,plantaginis,2
1977,Ditylenchus,dipsaci,3
1977,Globodera,pallida,1
1977,Globodera,rostochiensis,1
1977,Helicotylenchus,multicinctus,1
1977,Heterodera,avenae,1
1977,Heterodera,glycines,1
1977,Heterodera,schachtii,2
1977,Heterodera,weissi,2
1977,Meloidogyne,hapla,1
1977,Radopholus,similis,1
1977,Tylenchorhynchus,dubius,2
1977,Xiphinema,insigne,1
1978,Dolichodorus,aestuarius,1
1978,Helicotylenchus,pseudorobustus,1
1978,Hoplolaimus,tylenchiformis,1
1978,Meloidogyne,arenaria,1
1978,Meloidogyne,hapla,1
1978,Meloidogyne,incognita,1
1978,Meloidogyne,javanica,1
1978,Meloidogyne,naasi,1
1978,Pratylenchus,brachyurus,1
1978,Rotylenchus,goodeyi,1
1978,Trichodorus,intermedius,3
1978,Tylenchorhynchus,clarus,1
1978,Xiphinema,americanum,1
1979,Helicotylenchus,oscephalus,2
1979,Heterodera,canadensis,2
1979,Longidorus,leptocephalus,1
1979,Meloidogyne,megatyla,2
1979,Meloidogyne,ovalis,1
1979,Meloidogyne,querciana,6
1979,Pratylenchus,coffeae,1
1979,Pratylenchus,crenatus,2
1979,Pratylenchus,neglectus,3
1979,Pratylenchus,vulnus,2
1979,Pratylenchus,zeae,2
1979,Rotylenchus,caudaphasmidius,1
1979,Rotylenchus,phaliurus,3
1979,Scutellonema,brachyurum,1
1980,Aphelenchoides,fragariae,2
1980,Ditylenchus,dryadis,3
1980,Helicotylenchus,digonicus,1
1980,Meloidogyne,chitwoodi,1
1980,Pratylenchus,alleni,1
1980,Pratylenchus,crenatus,1
1980,Pratylenchus,neglectus,1
1980,Pratylenchus,scribneri,1
1980,Rotylenchulus,macrodoratus,1
1980,Rotylenchus,calvus,2
1980,Rotylenchus,goodeyi,1
1980,Rotylenchus,heredicus,2
1980,Rotylenchus,nexus,2
1980,Tylenchorhynchus,dubius,3
1981,Anguina,tritici,1
1981,Aphelenchoides,bicaudatus,1
1981,Ditylenchus,dipsaci,1
1981,Dolichodorus,aestuarius,4
1981,Dolichodorus,heterocephalus,4
1981,Dolichodorus,marylandicus,4
1981,Dolichodorus,similis,8
1981,Globodera,pallida,2
1981,Heterodera,goettingiana,1
1981,Longidorus,elongatus,1
1981,Meloidodera,eurytyla,2
1981,Rotylenchus,incultus,1
1981,Rotylenchus,robustus,1
1981,Trichodorus,primitivus,1
1981,Tylenchorhynchus,cylindricus,1
1981,Xiphinema,diversicaudatum,1
1981,Xiphinema,vuittenezi,1
1982,Dolichodorus,grandaspicatus,2
1982,Helicotylenchus,multicinctus,1
1982,Heterodera,avenae,1
1982,Heterodera,oryzae,1
1982,Hirschmanniella,areolata,4
1982,Hirschmanniella,pisquidensis,1
1982,Meloidogyne,carolinensis,4
1982,Meloidogyne,cruciani,1
1982,Meloidogyne,megatyla,2
1982,Meloidogyne,platani,2
1982,Tylenchorhynchus,microconus,2
1982,Xiphinema,clavatum,1
1982,Xiphinema,guirani,3
1982,Xiphinema,index,1
1982,Xiphinema,pyrenaicum,1
1983,Bursaphelenchus,varicauda,4
1983,Ditylenchus,filimus,1
1983,Globodera,rostochiensis,5
1983,Heterodera,trifolii,1
1983,Heterodera,zeae,1
1983,Longidorus,iranicus,1
1983,Meloidodera,charis,3
1983,Meloidogyne,aquatilis,2
1983,Meloidogyne,irregulare,1
1983,Nacobbus,aberrans,1
1983,Rotylenchus,microstriatus,2
1983,Tylenchulus,clavicaudatus,2
1983,Tylenchulus,floridensis,1
1983,Tylenchulus,semipenetrans,1
1983,Xiphinema,bakeri,1
1983,Xiphinema,incognitum,1
1983,Xiphinema,simillimum,1
1984,Globodera,zelandica,1
1984,Helicotylenchus,erythrinae,1
1984,Hemicycliophora,conida,1
1984,Heterodera,avenae,1
1984,Heterodera,raskii,2
1984,Heterodera,sacchari,1
1984,Hirschmanniella,oryzae,2
1984,Hoplolaimus,columbus,1
1984,Meloidogyne,acrita,2
1984,Meloidogyne,hapla,1
1984,Pratylenchus,ekrami,4
1984,Pratylenchus,pratensis,1
1984,Pratylenchus,ventroprojectus,3
1984,Radopholus,simiLis,3
1984,Scutellonema,cephalidum,2
1984,Trichodorus,viruliferus,1
1984,Tylenchorhynchus,teeni,2
1984,Xiphinema,ingens,1
1984,Xiphinema,macrostylum,2
1984,Xiphinema,utahense,2
1985,Anguina,agrostis,1
1985,Bursaphelenchus,xylophilus,1
1985,Dolichodorus,miradvulvus,1
1985,Helicotylenchus,scoticus,3
1985,Heterodera,betulae,1
1985,Meloidogyne,arenaria,1
1985,Meloidogyne,hapla,1
1985,Meloidogyne,incognita,1
1985,Meloidogyne,javanica,1
1985,Meloidogyne,pini,2
1985,Pratylenchus,convallariae,1
1985,Scutellonema,brachyurum,1
1985,Trichodorus,californicus,1
1985,Xiphinema,californicum,1
1985,Xiphinema,mammatum,1
1986,Belonolaimus,longicaudatus,1
1986,Dolichodorus,cobbi,2
1986,Helicotylenchus,dihystera,1
1986,Helicotylenchus,pseudorobustus,1
1986,Heterodera,glycines,3
1986,Heterodera,pakistanensis,2
1986,Meloidogyne,INCOGNITA,1
1986,Meloidogyne,christiei,1
1986,Meloidogyne,javanica,1
1986,Pratylenchus,agilis,1
1986,Tylenchorhynchus,brevilineatus,1
1986,Tylenchorhynchus,claytoni,1
1986,Tylenchorhynchus,martini,1
1986,Xiphinema,americanum,1
1986,Xiphinema,rivesi,1
1987,Criconemoides,punicus,3
1987,Heterodera,oryzicola,1
1987,Hoplolaimus,galeatus,1
1987,Hoplolaimus,indicus,1
1987,Meloidogyne,acrita,1
1987,Meloidogyne,californiensis,1
1987,Meloidogyne,microcephala,1
1987,Tylenchorhynchus,quaidi,4
1988,Aphelenchoides,besseyi,1
1988,Bursaphelenchus,xylophilus,1
1988,Heterodera,fici,1
1988,Heterodera,schachtii,1
1988,Hirschmanniella,imamuri,1
1988,Hirschmanniella,miticausa,2
1988,Meloidogyne,incognita,10
1988,Pratylenchus,Penetrans,1
1988,Pratylenchus,brachyurus,1
1988,Pratylenchus,coffeae,1
1988,Pratylenchus,penetrans,2
1988,Pratylenchus,thornei,1
1988,Pratylenchus,zeae,1
1988,Radopholus,citrophilus,1
1988,Radopholus,similis,2
1988,Trichodorus,petrusalberti,2
1988,Tylenchulus,graminis,2
1989,Anguina,funesta,1
1989,Aphelenchoides,rutgersi,1
1989,Ditylenchus,destructor,1
1989,Heterodera,lespedezae,2
1989,Hoplolaimus,magnistylus,1
1989,Longidorus,breviannulatus,1
1989,Meloidogyne,INCOGNITA,1
1989,Pratylenchus,vulnus,1
1989,Rotylenchulus,reniformis,1
1989,Tylenchorhynchus,ewingi,1
1989,Tylenchorhynchus,goffarti,1
1989,Tylenchulus,graminis,1
1989,Xiphinema,bricolensis,2
1989,Xiphinema,chambersi,1
1989,Xiphinema,coxi,1
1989,Xiphinema,italiae,1
1989,Xiphinema,pseudocoxi,1
1989,Xiphinema,thornei,1
1990,Anguina,tritici,1
1990,Heterodera,cajani,1
1990,Paratrichodorus,lobatus,1
1990,Radopholus,citrophilus,1
1990,Tylenchulus,palustris,2
1990,Tylenchulus,semipenetrans,1
1990,Xiphinema,americanum,1
1990,Xiphinema,pseudocoxi,2
1990,Xiphinema,setariae,1
1991,Belonolaimus,longicaudatus,1
1991,Globodera,rostochiensis,1
1991,Helicotylenchus,platyurus,2
1991,Meloidogyne,arenaria,4
1991,Meloidogyne,incognita,8
1991,Meloidogyne,lusitanica,3
1991,Mesocriconema,ornicauda,4
1991,Pratylenchus,agilis,1
1991,Pratylenchus,penetrans,4
1991,Pratylenchus,sefaensis,3
1991,Xiphinema,coomansi,2
1991,Xiphinema,intermedium,3
1991,Xiphinema,thornei,2
1992,Anguina,funesta,1
1992,Aphelenchoides,rutgersi,1
1992,Heterodera,Schachtii,3
1992,Hirschmanniella,mucronata,1
1992,Hirschmanniella,oryzae,1
1992,Hoplolaimus,sheri,2
1992,Longidorus,orongorongensis,2
1992,Meloidogyne,cruciani,1
1992,Meloidogyne,ichinohei,1
1992,Meloidogyne,megriensis,1
1992,Meloidogyne,querciana,1
1992,Mesocriconema,kirjanovae,2
1992,Pratylenchus,goodeyi,1
1992,Scutellonema,clathricaudatum,1
1992,Trichodorus,elefjohnsoni,2
1992,Trichodorus,paucisetosus,2
1992,Tylenchorhynchus,maximus,1
1992,Tylenchorhynchus,nudus,1
1993,Bursaphelenchus,mucronatus,2
1993,Criconema,duplicivestitum,1
1993,Ditylenchus,destructor,1
1993,Ditylenchus,dipsaci,11
1993,Globodera,Rostochiensis,3
1993,Globodera,tabacum,1
1993,Heterodera,carotae,1
1993,Heterodera,ciceri,1
1993,Heterodera,mediterranea,1
1993,Hoplolaimus,galeatus,1
1993,Meloidogyne,californiensis,1
1993,Meloidogyne,chitwoodi,3
1993,Meloidogyne,hapla,3
1993,Meloidogyne,javanica,3
1993,Meloidogyne,naasi,1
1993,Pratylenchus,penetrans,1
1993,Rotylenchulus,macrodoratus,2
1993,Tylenchorhynchus,curvus,1
1993,Tylenchorhynchus,leviterminalis,2
1993,Xiphinema,americanum,1
1993,Xiphinema,attorodorum,3
1993,Xiphinema,bricolensis,2
1993,Xiphinema,californicum,1
1993,Xiphinema,clavatum,2
1993,Xiphinema,elongatum,1
1993,Xiphinema,ensiculiferum,1
1993,Xiphinema,floridae,1
1993,Xiphinema,laevistriatum,1
1993,Xiphinema,lambertii,1
1993,Xiphinema,luci,2
1993,Xiphinema,pachtaicum,1
1993,Xiphinema,parasetariae,2
1993,Xiphinema,sheri,2
1993,Xiphinema,tarjanense,1
1994,Globodera,rostochiensis,1
1994,Hoplolaimus,pararobustus,1
1994,Longidorus,macrosoma,1
1994,Rotylenchus,robustus,1
1994,Trichodorus,similis,1
1995,Anguina,agrostis,1
1995,Ditylenchus,africanus,1
1995,Globodera,pallida,3
1995,Globodera,virginiae,4
1995,Helicotylenchus,indicus,1
1995,Heterodera,aucklandica,2
1995,Heterodera,humuli,1
1995,Longidorus,fasciatus,1
1995,Longidorus,sylphus,2
1995,Meloidogyne,fallax,3
1995,Meloidogyne,hapla,2
1995,Pratylenchus,fallax,2
1995,Pratylenchus,mediterraneus,1
1995,Pratylenchus,pinguicaudatus,2
1995,Xiphinema,brevicolle,1
1996,Longidorus,alaskaensis,2
1996,Longidorus,bernardi,4
1996,Longidorus,diadecturus,1
1996,Longidorus,paralaskaensis,4
1996,Meloidogyne,konaensis,1
1996,Meloidogyne,paranaensis,1
1996,Mesocriconema,neli,3
1996,Mesocriconema,ornatum,1
1996,Paratrichodorus,teres,1
1996,Rotylenchulus,reniformis,14
1996,Rotylenchus,acuspicaudatus,2
1996,Scutellonema,brachyurum,1
1996,Tylenchorhynchus,acutoides,3
1996,Tylenchulus,semipenetrans,1
1996,Xiphinema,aceri,2
1996,Xiphinema,barense,1
1996,Xiphinema,basiri,1
1996,Xiphinema,cohni,1
1996,Xiphinema,filicaudatum,3
1996,Xiphinema,globosum,1
1996,Xiphinema,hispanum,1
1996,Xiphinema,nuragicum,1
1996,Xiphinema,paritaliae,2
1996,Xiphinema,sphaerocephalum,1
1997,Belonolaimus,longicaudatus,1
1997,Criconema,acuticaudatum,3
1997,Criconema,alpinum,3
1997,Criconema,aucklandicum,3
1997,Criconema,californicum,3
1997,Criconema,mutabile,1
1997,Criconema,sphagni,2
1997,Criconemoides,parvus,2
1997,Globodera,pallida,2
1997,Hemicycliophora,biosphaera,4
1997,Heterodera,avenae,1
1997,Heterodera,elachista,1
1997,Heterodera,glycines,1
1997,Heterodera,goettingiana,1
1997,Heterodera,schachtii,3
1997,Heterodera,zeae,1
1997,Hirschmanniella,belli,3
1997,Longidorus,carpathicus,2
1997,Longidorus,closelongatus,1
1997,Longidorus,juglans,1
1997,Longidorus,orongorongensis,1
1997,Longidorus,piceicola,1
1997,Longidorus,pseudoelongatus,1
1997,Longidorus,silvae,1
1997,Longidorus,taniwha,3
1997,Longidorus,vineacola,1
1997,Longidorus,waikouaitii,1
1997,Meloidogyne,artiellia,1
1997,Meloidogyne,incognita,2
1997,Meloidogyne,javanica,2
1997,Meloidogyne,mayaguensis,3
1997,Mesocriconema,rusticum,1
1997,Nacobbus,aberrans,1
1997,Pratylenchus,brachyurus,1
1997,Pratylenchus,coffeae,1
1997,Pratylenchus,crenatus,2
1997,Pratylenchus,hexincisus,1
1997,Pratylenchus,scribneri,1
1997,Pratylenchus,vulnus,4
1997,Tylenchulus,semipenetrans,6
1997,Xiphinema,index,1
1998,Bursaphelenchus,leoni,1
1998,Globodera,rostochiensis,4
1998,Heterodera,glycines,6
1998,Heterodera,trifolii,1
1998,Hoplolaimus,magnistylus,1
1998,Longidorus,jagerae,1
1998,Meloidogyne,incognita,4
1998,Meloidogyne,ornatum,3
1998,Pratylenchus,neglectus,1
1998,Radopholus,similis,2
1998,Rotylenchulus,reniformis,1
1998,Scutellonema,bradys,1
1998,Scutellonema,coffeae,1
1998,Xiphinema,diversicaudatum,1
1999,Aphelenchoides,besseyi,1
1999,Aphelenchoides,fragariae,1
1999,Bursaphelenchus,xylophilus,3
1999,Ditylenchus,dipsaci,6
1999,Globodera,millefolii,1
1999,Helicotylenchus,dihystera,2
1999,Helicotylenchus,multicinctus,1
1999,Hemicycliophora,oostenbrinki,6
1999,Heterodera,arenaria,2
1999,Heterodera,sacchari,3
1999,Longidorus,elongatus,1
1999,Meloidogyne,Chitwoodi,2
1999,Meloidogyne,Javanica,1
1999,Meloidogyne,javanica,3
1999,Meloidogyne,petuniae,1
1999,Mesocriconema,xenoplax,4
1999,Paratrichodorus,allius,1
1999,Paratrichodorus,lobatus,1
1999,Pratylenchus,brachyurus,2
1999,Pratylenchus,pseudopratensis,1
1999,Pratylenchus,thornei,1
1999,Pratylenchus,zeae,2
1999,Rotylenchus,buxophilus,1
1999,Rotylenchus,uniformis,1
1999,Scutellonema,cavenessi,1
1999,Trichodorus,eburneus,6
1999,Tylenchorhynchus,annulatus,1
1999,Xiphinema,nigeriense,3
2000,Bursaphelenchus,hellenicus,2
2000,Bursaphelenchus,mucronatus,3
2000,Bursaphelenchus,sexdentati,5
2000,Criconema,princeps,2
2000,Globodera,pallida,5
2000,Globodera,tabacum,1
2000,Helicotylenchus,multicinctus,2
2000,Hemicycliophora,hellenica,6
2000,Hirschmanniella,anchoryzae,2
2000,Hoplolaimus,clarissimus,3
2000,Longidorus,camelliae,3
2000,Meloidodera,alni,2
2000,Meloidogyne,basili,2
2000,Meloidogyne,hispanica,2
2000,Meloidogyne,incognita,20
2000,Meloidogyne,javanica,25
2000,Meloidogyne,konaensis,2
2000,Meloidogyne,marylandi,1
2000,Meloidogyne,oryzae,3
2000,Mesocriconema,solivagum,2
2000,Pratylenchus,agilis,2
2000,Pratylenchus,bolivianus,2
2000,Pratylenchus,brachyurus,4
2000,Pratylenchus,fallax,6
2000,Pratylenchus,flakkensis,2
2000,Pratylenchus,goodeyi,4
2000,Pratylenchus,loosi,2
2000,Pratylenchus,mediterraneus,2
2000,Pratylenchus,pratensis,2
2000,Pratylenchus,pseudocoffeae,6
2000,Pratylenchus,scribneri,2
2000,Pratylenchus,vulnus,2
2000,Pratylenchus,zeae,8
2000,Rotylenchulus,variabilis,3
2000,Rotylenchus,capensis,6
2000,Rotylenchus,eximius,2
2000,Xiphinema,americanum,4
2000,Xiphinema,rivesi,1
2001,Anguina,agropyronifloris,1
2001,Anguina,australis,6
2001,Anguina,microlaenae,3
2001,Aphelenchoides,bicaudatus,1
2001,Aphelenchoides,composticola,1
2001,Bursaphelenchus,hellenicus,2
2001,Bursaphelenchus,leoni,1
2001,Criconema,annuliferum,1
2001,Criconema,princeps,1
2001,Helicotylenchus,pseudorobustus,2
2001,Hemicycliophora,thornei,1
2001,Hirschmanniella,miticausa,1
2001,Hoplolaimus,aegypti,3
2001,Longidorus,africanus,1
2001,Longidorus,cretensis,3
2001,Longidorus,pisi,2
2001,Meloidogyne,arenaria,6
2001,Meloidogyne,incognita,14
2001,Meloidogyne,javanica,7
2001,Mesocriconema,dherdei,3
2001,Pratylenchus,arlingtoni,3
2001,Pratylenchus,jaehni,2
2001,Pratylenchus,penetrans,1
2001,Pratylenchus,pseudopratensis,1
2001,Radopholus,musicola,6
2001,Rotylenchulus,borealis,1
2001,Rotylenchulus,parvus,1
2001,Rotylenchus,unisexus,1
2001,Scutellonema,clathricaudatum,1
2001,Scutellonema,coffeae,1
2001,Scutellonema,truncatum,2
2001,Trichodorus,cylindricus,1
2001,Tylenchorhynchus,curvus,1
2001,Tylenchorhynchus,dubius,1
2001,Tylenchorhynchus,goffarti,1
2001,Tylenchorhynchus,maximus,1
2001,Xiphinema,basiri,1
2001,Xiphinema,larliani,3
2001,Xiphinema,simillimum,2
2001,Xiphinema,vanderlindei,3
2002,Anguina,graminis,1
2002,Anguina,limberi,3
2002,Anguina,parietinus,3
2002,Bursaphelenchus,aberrans,2
2002,Bursaphelenchus,cocophilus,1
2002,Bursaphelenchus,rainulfi,2
2002,Bursaphelenchus,thailandae,4
2002,Bursaphelenchus,xylophilus,12
2002,Dolichodorus,heterocephalus,1
2002,Globodera,pallida,2
2002,Helicotylenchus,cavenessi,3
2002,Helicotylenchus,digonicus,2
2002,Heterodera,arenaria,8
2002,Heterodera,glycines,28
2002,Heterodera,goldeni,1
2002,Heterodera,mediterranea,2
2002,Meloidodera,floridensis,1
2002,Meloidogyne,duytsi,3
2002,Meloidogyne,exigua,3
2002,Meloidogyne,hapla,2
2002,Meloidogyne,ichinohei,2
2002,Meloidogyne,microtyla,1
2002,Meloidogyne,paranaensis,1
2002,Meloidogyne,phaseoli,1
2002,Paratrichodorus,porosus,1
2002,Pratylenchus,COFFEAE,1
2002,Rotylenchus,goodeyi,1
2002,Trichodorus,gilanensis,3
2002,Trichodorus,primitivus,1
2003,Belonolaimus,longicaudatus,2
2003,Bursaphelenchus,luxuriosae,2
2003,Ditylenchus,parcevivens,3
2003,Heterodera,betulae,1
2003,Heterodera,ciceri,1
2003,Heterodera,filipjevi,1
2003,Heterodera,humuli,1
2003,Heterodera,latipons,1
2003,Heterodera,mothi,3
2003,Heterodera,sacchari,1
2003,Hirschmanniella,loofi,2
2003,Hoplolaimus,columbus,1
2003,Longidorus,grandis,4
2003,Longidorus,paralongicaudatus,2
2003,Longidorus,paravineacola,4
2003,Meloidogyne,megadora,1
2003,Nacobbus,bolivianus,1
2003,Paratrichodorus,rhodesiensis,6
2003,Rotylenchulus,macrosoma,1
2003,Xiphinema,parasetariae,1
2004,Anguina,woodi,10
2004,Ditylenchus,drepanocercus,3
2004,Globodera,rostochiensis,10
2004,Heterodera,betae,1
2004,Heterodera,cruciferae,1
2004,Heterodera,glycines,1
2004,Longidorus,biformis,4
2004,Longidorus,breviannulatus,1
2004,Longidorus,elongatus,1
2004,Longidorus,glycines,4
2004,Meloidogyne,arabicida,1
2004,Meloidogyne,christiei,1
2004,Meloidogyne,javanica,3
2004,Pratylenchus,pinguicaudatus,1
2004,Radopholus,arabocoffeae,5
2004,Radopholus,duriophilus,2
2004,Tylenchorhynchus,clarus,1
2004,Tylenchulus,semipenetrans,3
2004,Xiphinema,bakeri,3
2004,Xiphinema,brasiliense,1
2004,Xiphinema,brevicolle,1
2004,Xiphinema,diffusum,1
2004,Xiphinema,diversicaudatum,1
2004,Xiphinema,ensiculiferum,2
2004,Xiphinema,ifacolum,1
2004,Xiphinema,index,1
2004,Xiphinema,italiae,2
2004,Xiphinema,paritaliae,1
2004,Xiphinema,vuittenezi,1
2005,Anguina,funesta,1
2005,Anguina,oryzae,6
2005,Anguina,tritici,1
2005,Globodera,rostochiensis,1
2005,Helicotylenchus,indicus,2
2005,Hirschmanniella,imamuri,1
2005,Hirschmanniella,oryzae,2
2005,Hoplolaimus,galeatus,1
2005,Longidorus,americanus,6
2005,Longidorus,attenuatus,2
2005,Longidorus,crassus,2
2005,Longidorus,fasciatus,1
2005,Meloidogyne,artiellia,1
2005,Meloidogyne,cruciani,1
2005,Meloidogyne,ethiopica,1
2005,Meloidogyne,floridensis,1
2005,Meloidogyne,incognita,1
2005,Meloidogyne,izalcoensis,1
2005,Meloidogyne,megatyla,1
2005,Meloidogyne,microcephala,1
2005,Mesocriconema,xenoplax,1
2005,Paratrichodorus,divergens,6
2005,Paratrichodorus,teres,1
2005,Scutellonema,cavenessi,2
2005,Trichodorus,obtusus,1
2005,Xiphinema,longicaudatum,6
2005,Xiphinema,pyrenaicum,1
2006,Aphelenchoides,fragariae,1
2006,Bursaphelenchus,antoniae,3
2006,Bursaphelenchus,gerberae,2
2006,Bursaphelenchus,platzeri,4
2006,Ditylenchus,destructor,1
2006,Heterodera,goettingiana,1
2006,Hoplolaimus,indicus,1
2006,Hoplolaimus,seinhorsti,1
2006,Meloidogyne,chitwoodi,2
2006,Meloidogyne,fallax,1
2006,Meloidogyne,incognita,10
2006,Meloidogyne,mayaguensis,2
2006,Meloidogyne,naasi,1
2006,Meloidogyne,paranaensis,2
2006,Meloidogyne,salasi,1
2006,Paratrichodorus,anemones,2
2006,Pratylenchus,penetrans,8
2006,Pratylenchus,subpenetrans,3
2006,Radopholus,similis,17
2006,Rotylenchus,buxophilus,1
2006,Scutellonema,bradys,1
2006,Trichodorus,similis,1
2006,Tylenchorhynchus,ewingi,2
2006,Xiphinema,citricolum,1
2006,Xiphinema,floridae,2
2006,Xiphinema,georgianum,2
2006,Xiphinema,laevistriatum,1
2006,Xiphinema,simile,1
2006,Xiphinema,tarjanense,1
2007,Anguina,radicicola,3
2007,Aphelenchoides,besseyi,1
2007,Aphelenchoides,ritzemabosi,1
2007,Bursaphelenchus,xylophilus,6
2007,Dolichodorus,mediterraneus,6
2007,Helicotylenchus,canadensis,1
2007,Helicotylenchus,dihystera,3
2007,Heterodera,trifolii,2
2007,Longidorus,danuvii,3
2007,Longidorus,distinctus,2
2007,Meloidogyne,ardenensis,1
2007,Meloidogyne,dunensis,1
2007,Nacobbus,aberrans,1
2007,Paratrichodorus,lobatus,1
2007,Pratylenchus,brzeskii,1
2007,Pratylenchus,convallariae,1
2007,Pratylenchus,crenatus,1
2007,Pratylenchus,dunensis,3
2007,Pratylenchus,hippeastri,1
2007,Pratylenchus,kumamotoensis,1
2007,Rotylenchulus,reniformis,7
2007,Tylenchorhynchus,annulatus,1
2007,Tylenchulus,palustris,1
2007,Xiphinema,hunaniense,1
2007,Xiphinema,zulu,3
2008,Bursaphelenchus,chengi,6
2008,Bursaphelenchus,xylophilus,1
2008,Ditylenchus,africanus,1
2008,Ditylenchus,dipsaci,5
2008,Dolichodorus,minor,3
2008,Globodera,artemisiae,1
2008,Globodera,pallida,3
2008,Heterodera,cajani,2
2008,Heterodera,schachtii,5
2008,Hoplolaimus,magnistylus,1
2008,Longidorus,pius,1
2008,Longidorus,poessneckensis,1
2008,Meloidogyne,hapla,8
2008,Meloidogyne,incognita,23
2008,Meloidogyne,irregulare,1
2008,Meloidogyne,morocciensis,2
2008,Meloidogyne,partityla,1
2008,Meloidogyne,platani,1
2008,Paratrichodorus,allius,1
2008,Pratylenchus,allius,2
2008,Pratylenchus,brzeskii,1
2008,Pratylenchus,coffeae,4
2008,Pratylenchus,lentis,1
2008,Pratylenchus,neglectus,2
2008,Pratylenchus,teres,1
2008,Pratylenchus,thornei,2
2008,Rotylenchus,arsenjevi,2
2008,Rotylenchus,caudaphasmidius,2
2008,Rotylenchus,corsicus,2
2008,Rotylenchus,fragaricus,2
2008,Rotylenchus,helicus,3
2008,Rotylenchus,indorobustus,3
2008,Rotylenchus,jaeni,2
2008,Rotylenchus,magnus,4
2008,Rotylenchus,montanus,4
2008,Rotylenchus,neorobustus,3
2008,Trichodorus,aequalis,3
2008,Xiphinema,dentatum,1
2008,Xiphinema,elongatum,5
2008,Xiphinema,luci,1
2008,Xiphinema,parasimile,1
2009,Anguina,paludicola,1
2009,Bursaphelenchus,willi,1
2009,Heterodera,avenae,2
2009,Hirschmanniella,shamimi,1
2009,Hoplolaimus,concaudajuvencus,2
2009,Hoplolaimus,pararobustus,1
2009,Longidorus,ferrisi,6
2009,Meloidogyne,Incognita,1
2009,Meloidogyne,Phaseoli,3
2009,Meloidogyne,enterolobii,1
2009,Meloidogyne,javanica,4
2009,Meloidogyne,lusitanica,1
2009,Meloidogyne,petuniae,1
2009,Meloidogyne,xenoplax,5
2009,Pratylenchus,Crenatus,3
2009,Pratylenchus,Penetrans,4
2009,Pratylenchus,Thornei,3
2009,Pratylenchus,araucensis,1
2009,Pratylenchus,gutierrezi,1
2009,Trichodorus,variopapillatus,2
2009,Xiphinema,aceri,3
2009,Xiphinema,aequum,4
2009,Xiphinema,bernardi,3
2009,Xiphinema,illyricum,4
2009,Xiphinema,ingens,3
2009,Xiphinema,iranicum,1
2009,Xiphinema,macedonicum,6
2009,Xiphinema,montenegrinum,2
2010,Aphelenchoides,blastophthorus,2
2010,Aphelenchoides,fujianensis,1
2010,Aphelenchoides,limberi,3
2010,Belonolaimus,maritimus,2
2010,Criconema,mutabile,1
2010,Ditylenchus,africanus,1
2010,Ditylenchus,filimus,2
2010,Ditylenchus,myceliophagus,1
2010,Hemicycliophora,lutosa,3
2010,Heterodera,avenae,2
2010,Heterodera,carotae,1
2010,Heterodera,glycines,6
2010,Heterodera,schachtii,11
2010,Hirschmanniella,loofi,1
2010,Hoplolaimus,indicus,2
2010,Meloidogyne,acronea,1
2010,Meloidogyne,basili,1
2010,Meloidogyne,exigua,3
2010,Meloidogyne,hapla,3
2010,Meloidogyne,incognita,36
2010,Meloidogyne,paranaensis,2
2010,Nacobbus,dorsalis,2
2010,Nanidorus,minor,1
2010,Paratrichodorus,porosus,1
2010,Pratylenchus,bhatti,3
2010,Pratylenchus,brzeskii,1
2010,Pratylenchus,floridensis,6
2010,Pratylenchus,hippeastri,2
2010,Pratylenchus,hispaniensis,5
2010,Pratylenchus,kralli,3
2010,Pratylenchus,neglectus,42
2010,Pratylenchus,parafloridensis,6
2010,Pratylenchus,pseudofallax,3
2010,Pratylenchus,thornei,19
2010,Radopholus,bridgei,3
2010,Rotylenchulus,borealis,1
2010,Rotylenchus,arsenjevi,1
2010,Scutellonema,clathricaudatum,1
2010,Scutellonema,paralabiatum,3
2010,Trichodorus,porosus,1
2010,Trichodorus,primitivus,2
2010,Tylenchorhynchus,leviterminalis,1
2010,Tylenchorhynchus,nudus,1
2010,Xiphinema,aceri,1
2010,Xiphinema,adenohystherum,3
2010,Xiphinema,hispanum,1
2010,Xiphinema,hispidum,5
2010,Xiphinema,italiae,4
2010,Xiphinema,lambertii,4
2010,Xiphinema,lupini,9
2010,Xiphinema,nuragicum,3
2010,Xiphinema,pyrenaicum,5
2010,Xiphinema,sphaerocephalum,4
2010,Xiphinema,turcicum,6
2011,Bursaphelenchus,xylophilus,28
2011,Ditylenchus,destructor,5
2011,Ditylenchus,gigas,2
2011,Globodera,artemisiae,1
2011,Globodera,millefolii,2
2011,Globodera,pallida,24
2011,Helicotylenchus,pseudorobustus,1
2011,Heterodera,australis,3
2011,Heterodera,betae,2
2011,Heterodera,cajani,1
2011,Heterodera,cardiolata,3
2011,Heterodera,mani,2
2011,Heterodera,zeae,1
2011,Hoplolaimus,stephanus,2
2011,Litylenchus,coprosma,2
2011,Longidorus,caespiticola,1
2011,Longidorus,henanus,1
2011,Longidorus,macrosoma,1
2011,Longidorus,pius,2
2011,Longidorus,poessneckensis,2
2011,Longidorus,raskii,3
2011,Longidorus,silvae,2
2011,Meloidogyne,arenaria,7
2011,Meloidogyne,artiellia,1
2011,Meloidogyne,chitwoodi,4
2011,Meloidogyne,enterolobii,6
2011,Meloidogyne,fallax,2
2011,Meloidogyne,hapla,7
2011,Meloidogyne,incognita,20
2011,Meloidogyne,irregulare,1
2011,Meloidogyne,javanica,14
2011,Meloidogyne,minor,7
2011,Meloidogyne,naasi,1
2011,Meloidogyne,onoense,3
2011,Meloidogyne,palustre,3
2011,Paratrichodorus,allius,1
2011,Pratylenchus,brachyurus,7
2011,Pratylenchus,coffeae,7
2011,Pratylenchus,delattrei,3
2011,Pratylenchus,hexincisus,1
2011,Pratylenchus,jaehni,1
2011,Pratylenchus,penetrans,8
2011,Pratylenchus,scribneri,1
2011,Rotylenchus,abnormecaudatus,3
2011,Rotylenchus,acuspicaudatus,2
2011,Rotylenchus,conicaudatus,7
2011,Rotylenchus,iranicus,5
2011,Rotylenchus,montanus,1
2011,Tylenchorhynchus,dubius,1
2011,Tylenchorhynchus,indicus,2
2011,Tylenchorhynchus,maximus,1
2011,Xiphinema,globosum,4
2012,Aphelenchoides,composticola,2
2012,Aphelenchoides,fragariae,4
2012,Bursaphelenchus,mucronatus,2
2012,Criconema,petasum,3
2012,Criconema,sphagni,1
2012,Criconema,warrenense,9
2012,Globodera,ellingtonae,2
2012,Globodera,mexicana,2
2012,Globodera,rostochiensis,9
2012,Globodera,tabacum,4
2012,Helicotylenchus,dihystera,2
2012,Hemicycliophora,conida,2
2012,Hemicycliophora,thornei,2
2012,Heterodera,avenae,3
2012,Heterodera,glycines,5
2012,Heterodera,oryzicola,1
2012,Heterodera,ripae,1
2012,Hirschmanniella,oryzae,2
2012,Hoplolaimus,galeatus,1
2012,Longidorus,iranicus,4
2012,Longidorus,paralongicaudatus,4
2012,Longidorus,pisi,1
2012,Longidorus,profundorum,3
2012,Longidorus,waikouaitii,2
2012,Meloidodera,alni,1
2012,Meloidodera,floridensis,1
2012,Meloidogyne,Arenaria,1
2012,Meloidogyne,Chitwoodi,1
2012,Meloidogyne,Hapla,1
2012,Meloidogyne,Incognita,2
2012,Meloidogyne,Paranaensis,1
2012,Meloidogyne,brevicauda,1
2012,Meloidogyne,curvatum,3
2012,Meloidogyne,hispanica,2
2012,Meloidogyne,javanica,6
2012,Meloidogyne,kikuyensis,1
2012,Meloidogyne,mayaguensis,1
2012,Meloidogyne,microcephala,1
2012,Mesocriconema,ozarkiense,2
2012,Mesocriconema,xenoplax,2
2012,Paratrichodorus,renifer,3
2012,Pratylenchus,allius,2
2012,Pratylenchus,renifer,9
2012,Pratylenchus,speijeri,6
2012,Pratylenchus,vulnus,3
2012,Pratylenchus,zeae,5
2012,Radopholus,arabocoffeae,2
2012,Radopholus,daklakensis,6
2012,Rotylenchus,capitatus,3
2012,Rotylenchus,cazorlaensis,3
2012,Rotylenchus,elegans,3
2012,Rotylenchus,eximius,2
2012,Rotylenchus,fabalus,3
2012,Rotylenchus,unisexus,1
2012,Scutellonema,brachyurum,1
2012,Tylenchorhynchus,claytoni,1
2012,Tylenchorhynchus,ewingi,1
2012,Tylenchulus,floridensis,2
2012,Tylenchulus,musicola,4
2012,Tylenchulus,semipenetrans,4
2012,Xiphinema,Vuittenezi,2
2012,Xiphinema,americanum,12
2012,Xiphinema,bakeri,1
2012,Xiphinema,chambersi,1
2012,Xiphinema,iranicum,1
2012,Xiphinema,mazandaranense,3
2012,Xiphinema,opisthohysterum,2
2012,Xiphinema,pachtaicum,2
2012,Xiphinema,rivesi,1
2012,Xiphinema,santos,1
2013,Anguina,tritici,1
2013,Aphelenchoides,besseyi,6
2013,Aphelenchoides,xui,3
2013,Bursaphelenchus,cocophilus,1
2013,Bursaphelenchus,luxuriosae,1
2013,Bursaphelenchus,masseyi,6
2013,Bursaphelenchus,rainulfi,2
2013,Bursaphelenchus,xylophilus,18
2013,Ditylenchus,dipsaci,4
2013,Ditylenchus,gallaeformans,3
2013,Ditylenchus,intermedius,3
2013,Globodera,capensis,8
2013,Globodera,zelandica,2
2013,Helicotylenchus,erythrinae,1
2013,Helicotylenchus,exallus,2
2013,Hemicycliophora,wyei,6
2013,Heterodera,Goettingiana,1
2013,Heterodera,avenae,1
2013,Heterodera,cruciferae,1
2013,Heterodera,elachista,2
2013,Heterodera,hainanensis,6
2013,Heterodera,latipons,1
2013,Heterodera,sacchari,1
2013,Heterodera,schachtii,4
2013,Hirschmanniella,imamuri,1
2013,Hoplolaimus,pararobustus,1
2013,Longidorus,crataegi,3
2013,Longidorus,fasciatus,1
2013,Longidorus,leptocephalus,1
2013,Longidorus,magnus,3
2013,Longidorus,vineacola,1
2013,Meloidogyne,hapla,2
2013,Meloidogyne,incognita,22
2013,Meloidogyne,javanica,4
2013,Meloidogyne,phaseoli,1
2013,Mesocriconema,antipolitanum,1
2013,Nacobbus,aberrans,3
2013,Pratylenchus,ekrami,4
2013,Pratylenchus,loosi,2
2013,Pratylenchus,pseudopratensis,2
2013,Radopholus,similis,10
2013,Rotylenchulus,reniformis,11
2013,Rotylenchus,paravitis,6
2013,Rotylenchus,robustus,2
2013,Rotylenchus,vitis,6
2013,Scutellonema,bradys,3
2013,Trichodorus,japonicus,3
2013,Tylenchorhynchus,goffarti,1
2013,Xiphinema,baetica,3
2013,Xiphinema,belmontense,3
2013,Xiphinema,cohni,2
2013,Xiphinema,coxi,1
2013,Xiphinema,diversicaudatum,1
2013,Xiphinema,granatum,3
2013,Xiphinema,index,5
2013,Xiphinema,macroacanthum,4
2013,Xiphinema,nigeriense,1
2013,Xiphinema,turdetanensis,3
2014,Aphelenchoides,parietinus,1
2014,Aphelenchoides,stellatus,3
2014,Bursaphelenchus,abietinus,2
2014,Bursaphelenchus,niphades,3
2014,Bursaphelenchus,sycophilus,6
2014,Criconemoides,silvicola,3
2014,Helicotylenchus,multicinctus,3
2014,Heterodera,glycines,10
2014,Longidorus,caespiticola,1
2014,Longidorus,closelongatus,2
2014,Longidorus,pseudoelongatus,2
2014,Meloidogyne,arabicida,2
2014,Meloidogyne,ethiopica,2
2014,Meloidogyne,floridensis,1
2014,Meloidogyne,graminis,3
2014,Meloidogyne,incognita,33
2014,Meloidogyne,izalcoensis,2
2014,Meloidogyne,lopezi,4
2014,Meloidogyne,luci,1
2014,Meloidogyne,xenoplax,1
2014,Mesocriconema,ornatum,1
2014,Pratylenchus,alleni,1
2014,Pratylenchus,dunensis,1
2014,Pratylenchus,goodeyi,2
2014,Pratylenchus,kumamotoensis,2
2014,Pratylenchus,oleae,3
2014,Pratylenchus,pinguicaudatus,1
2014,Pratylenchus,quasitereoides,1
2014,Pratylenchus,sudanensis,3
2014,Pratylenchus,teres,5
2014,Radopholus,citrophilus,1
2014,Rotylenchus,fragaricus,1
2014,Rotylenchus,striaticeps,3
2014,Scutellonema,commune,2
2014,Scutellonema,magniphasma,2
2014,Scutellonema,tsitsikamense,3
2014,Trichodorus,paragiennensis,2
2014,Trichodorus,vandenbergae,3
2014,Tylenchorhynchus,mediterraneus,2
2014,Xiphinema,castilloi,3
2014,Xiphinema,cretense,4
2014,Xiphinema,dentatum,1
2014,Xiphinema,israeliae,3
2014,Xiphinema,lapidosum,3
2014,Xiphinema,longicaudatum,1
2014,Xiphinema,simile,1
2015,Anguina,agropyri,2
2015,Anguina,agrostis,1
2015,Anguina,funesta,1
2015,Anguina,pacificae,1
2015,Bursaphelenchus,parantoniae,3
2015,Bursaphelenchus,willi,1
2015,Bursaphelenchus,yongensis,1
2015,Ditylenchus,oncogenus,3
2015,Heterodera,daverti,1
2015,Heterodera,goldeni,2
2015,Heterodera,trifolii,1
2015,Hirschmanniella,mucronata,1
2015,Hoplolaimus,columbus,1
2015,Longidorus,asiaticus,2
2015,Longidorus,orientalis,9
2015,Meloidogyne,INCOGNITA,1
2015,Meloidogyne,Javanica,1
2015,Meloidogyne,christiei,2
2015,Meloidogyne,dunensis,2
2015,Meloidogyne,incognita,16
2015,Meloidogyne,javanica,26
2015,Meloidogyne,kralli,3
2015,Meloidogyne,marylandi,2
2015,Meloidogyne,querciana,2
2015,Pratylenchus,parazeae,3
2015,Pratylenchus,penetrans,2
2015,Rotylenchus,breviglans,3
2015,Rotylenchus,castilloi,1
2015,Rotylenchus,cretensis,9
2015,Rotylenchus,cypriensis,1
2015,Rotylenchus,jaeni,1
2015,Rotylenchus,magnus,1
2015,Rotylenchus,urmiaensis,9
2015,Trichodorus,obtusus,2
2015,Trichodorus,similis,1
2015,Xiphinema,barense,2
2015,Xiphinema,bernardi,1
2015,Xiphinema,herakliense,6
2015,Xiphinema,horvatovicae,2
2015,Xiphinema,ingens,1
2016,Anguina,agropyronifloris,2
2016,Anguina,graminis,2
2016,Anguina,obesa,3
2016,Anguina,paludicola,6
2016,Aphelenchoides,fuchsi,3
2016,Aphelenchoides,huntensis,3
2016,Aphelenchoides,iranicus,3
2016,Bursaphelenchus,Xylophilus,1
2016,Bursaphelenchus,luxuriosae,1
2016,Criconema,loofi,3
2016,Ditylenchus,triformis,6
2016,Ditylenchus,weischeri,1
2016,Globodera,rostochiensis,9
2016,Heterodera,schachtii,1
2016,Longidorus,africanus,1
2016,Longidorus,laevicapitatus,3
2016,Meloidogyne,arenaria,2
2016,Meloidogyne,incisum,3
2016,Meloidogyne,incognita,8
2016,Meloidogyne,inornata,3
2016,Meloidogyne,megadora,1
2016,Meloidogyne,morocciensis,1
2016,Mesocriconema,ericaceum,3
2016,Mesocriconema,involutum,3
2016,Pratylenchus,bolivianus,6
2016,Pratylenchus,brachyurus,1
2016,Pratylenchus,gutierrezi,6
2016,Pratylenchus,pseudocoffeae,2
2016,Rotylenchulus,parvus,1
2016,Rotylenchus,sardashtensis,5
2016,Tylenchorhynchus,agri,1
2016,Xiphinema,basiri,1
2016,Xiphinema,brasiliense,3
2016,Xiphinema,brevicolle,1
2016,Xiphinema,cadavalense,3
2016,Xiphinema,californicum,2
2016,Xiphinema,celtiense,3
2016,Xiphinema,costaricense,4
2016,Xiphinema,hunaniense,3
2016,Xiphinema,iznajarense,3
2016,Xiphinema,krugi,1
2016,Xiphinema,luci,1
2016,Xiphinema,macrodora,5
2016,Xiphinema,mengibarense,3
2016,Xiphinema,meridianum,4
2016,Xiphinema,oleae,5
2016,Xiphinema,parasimile,4
2016,Xiphinema,robbinsi,4
2016,Xiphinema,vuittenezi,1
2016,Xiphinema,vulgare,1
2017,Aphelenchoides,eldaricus,3
2017,Aphelenchoides,gorganensis,3
2017,Aphelenchoides,macrospica,3
2017,Aphelenchoides,paraxui,3
2017,Aphelenchoides,ritzemabosi,1
2017,Aphelenchoides,salixae,3
2017,Belonolaimus,euthychilus,3
2017,Belonolaimus,gracilis,3
2017,Ditylenchus,laurae,6
2017,Globodera,agulhasensis,5
2017,Globodera,ellingtonae,1
2017,Globodera,sandveldensis,4
2017,Helicotylenchus,Pseudorobustus,1
2017,Heterodera,fici,4
2017,Heterodera,filipjevi,2
2017,Heterodera,glycines,1
2017,Heterodera,koreana,3
2017,Longidorus,diadecturus,1
2017,Longidorus,distinctus,1
2017,Longidorus,euonymu,4
2017,Longidorus,juglans,2
2017,Longidorus,kuiperi,3
2017,Longidorus,piceicola,4
2017,Meloidodera,alni,1
2017,Meloidodera,astonei,3
2017,Meloidogyne,africana,5
2017,Meloidogyne,ardenensis,1
2017,Meloidogyne,brasiliensis,7
2017,Meloidogyne,coffeicola,1
2017,Meloidogyne,decalineata,1
2017,Meloidogyne,ichinohei,1
2017,Meloidogyne,oryzae,2
2017,Meloidogyne,oteifae,6
2017,Meloidogyne,salasi,2
2017,Mesocriconema,curvatum,1
2017,Mesocriconema,nebraskense,1
2017,Pratylenchus,convallariae,1
2017,Pratylenchus,fallax,1
2017,Pratylenchus,flakkensis,1
2017,Pratylenchus,haiduongensis,4
2017,Pratylenchus,lentis,2
2017,Pratylenchus,pratensis,1
2017,Rotylenchulus,macrosoma,1
2017,Scutellonema,africanum,3
2017,Scutellonema,cavenessi,1
2017,Scutellonema,clavicaudatum,6
2017,Scutellonema,siamense,3
2017,Scutellonema,transvaalense,6
2017,Scutellonema,truncatum,3
2017,Trichodorus,variabilis,3
2017,Tylenchorhynchus,annulatus,1
2017,Xiphinema,Index,3
2017,Xiphinema,japonicum,3
2017,Xiphinema,paradentatum,2
2017,Xiphinema,setariae,1
2017,Xiphinema,tica,3
2018,Aphelenchoides,giblindavisi,3
2018,Aphelenchoides,kheirii,3
2018,Aphelenchoides,primadentus,3
2018,Bursaphelenchus,antoniae,2
2018,Bursaphelenchus,decraemerae,3
2018,Bursaphelenchus,geraerti,3
2018,Bursaphelenchus,sexdentati,1
2018,Criconema,annuliferum,1
2018,Criconemoides,informis,3
2018,Criconemoides,parvus,2
2018,Ditylenchus,gilanicus,3
2018,Ditylenchus,persicus,3
2018,Ditylenchus,weischeri,1
2018,Helicotylenchus,digonicus,1
2018,Helicotylenchus,goodi,3
2018,Hemicycliophora,arenaria,1
2018,Hemicycliophora,subbotini,1
2018,Heterodera,cyperi,4
2018,Hirschmanniella,gracilis,2
2018,Hirschmanniella,zostericola,3
2018,Longidorus,attenuatus,1
2018,Longidorus,azarbaijanensis,3
2018,Longidorus,elongatus,1
2018,Longidorus,jonesi,3
2018,Longidorus,pinus,3
2018,Meloidogyne,JAVANICA,2
2018,Meloidogyne,arenaria,1
2018,Meloidogyne,canadense,1
2018,Meloidogyne,chitwoodi,1
2018,Meloidogyne,daklakensis,4
2018,Meloidogyne,gramincola,3
2018,Meloidogyne,oleae,3
2018,Meloidogyne,ovalis,2
2018,Meloidogyne,panyuensis,3
2018,Meloidogyne,partityla,1
2018,Mesocriconema,rusticum,1
2018,Pratylenchus,crenatus,2
2018,Pratylenchus,rwandae,2
2018,Rotylenchus,pumilus,2
2018,Trichodorus,cylindricus,1
2018,Xiphinema,hangzhouense,4
2018,Xiphinema,ifacolum,1
2018,Xiphinema,inaequale,3
2018,Xiphinema,intermedium,2
2018,Xiphinema,parachambersi,2
2018,Xiphinema,poasense,3
2018,Xiphinema,tarjanense,1
2019,Aphelenchoides,fujianensis,1
2019,Aphelenchoides,goodeyi,1
2019,Aphelenchoides,medicagus,3
2019,Aphelenchoides,pseudogoodeyi,1
2019,Aphelenchoides,tabarestanensis,3
2019,Belonolaimus,longicaudatus,3
2019,Bursaphelenchus,irokophilus,2
2019,Bursaphelenchus,pterocarpi,3
2019,Bursaphelenchus,sinensis,2
2019,Criconema,demani,2
2019,Criconemoides,myungsugae,2
2019,Helicotylenchus,abunaamai,2
2019,Helicotylenchus,canadensis,2
2019,Hemicycliophora,labiata,1
2019,Heterodera,ciceri,1
2019,Hirschmanniella,anchoryzae,3
2019,Hirschmanniella,diversa,2
2019,Hoplolaimus,seinhorsti,1
2019,Hoplolaimus,smokyensis,6
2019,Litylenchus,crenatae,2
2019,Meloidogyne,aegracyperi,3
2019,Meloidogyne,hapla,1
2019,Meloidogyne,indica,2
2019,Meloidogyne,luci,5
2019,Meloidogyne,microtyla,1
2019,Meloidogyne,moensi,6
2019,Meloidogyne,ottersoni,1
2019,Pratylenchus,brachyurus,8
2019,Pratylenchus,capsici,2
2019,Pratylenchus,curvicauda,5
2019,Pratylenchus,horti,2
2019,Pratylenchus,penetrans,1
2019,Pratylenchus,quasitereoides,2
2019,Radopholus,oryzae,2
2019,Radopholus,similis,2
2019,Rotylenchus,buxophilus,2
2019,Rotylenchus,corsicus,2
2019,Rotylenchus,gracilidens,6
2019,Rotylenchus,incultus,2
2019,Rotylenchus,laurentinus,6
2019,Rotylenchus,rhomboides,12
2019,Scutellonema,coffeae,1
2019,Trichodorus,californicus,1
2019,Tylenchorhynchus,capitatus,3
2019,Xiphinema,barooghii,12
2019,Xiphinema,diffusum,1
2019,Xiphinema,elongatum,1
2019,Xiphinema,histriae,5
2019,Xiphinema,incognitum,2
2019,Xiphinema,insigne,1
2019,Xiphinema,iranicum,1
2019,Xiphinema,zagrosense,3
2020,Anguina,agrostis,1
2020,Anguina,pacificae,2
2020,Aphelenchoides,bicaudatus,1
2020,Aphelenchoides,fragariae,1
2020,Belonolaimus,longicaudatus,3
2020,Bursaphelenchus,abietinus,1
2020,Bursaphelenchus,cocophilus,1
2020,Bursaphelenchus,dietrichi,3
2020,Bursaphelenchus,leoni,1
2020,Bursaphelenchus,mucronatus,1
2020,Bursaphelenchus,sexdentati,2
2020,Bursaphelenchus,sinensis,2
2020,Bursaphelenchus,xylophilus,5
2020,Bursaphelenchus,yongensis,2
2020,Criconema,demani,2
2020,Ditylenchus,destructor,17
2020,Ditylenchus,gallaeformans,2
2020,Globodera,artemisiae,1
2020,Globodera,ellingtonae,1
2020,Globodera,mexicana,1
2020,Globodera,pallida,6
2020,Globodera,rostochiensis,18
2020,Globodera,tabacum,1
2020,Helicotylenchus,ciceri,3
2020,Helicotylenchus,digonicus,1
2020,Helicotylenchus,dihystera,4
2020,Helicotylenchus,pseudorobustus,1
2020,Hemicycliophora,ahvasiensis,3
2020,Hemicycliophora,conida,1
2020,Hemicycliophora,labiata,2
2020,Hemicycliophora,paraconida,3
2020,Heterodera,avenae,1
2020,Heterodera,cajani,1
2020,Heterodera,dunensis,3
2020,Heterodera,elachista,1
2020,Heterodera,filipjevi,2
2020,Heterodera,glycines,6
2020,Heterodera,graminophila,1
2020,Heterodera,hordecalis,1
2020,Heterodera,latipons,1
2020,Heterodera,medicaginis,6
2020,Heterodera,microulae,3
2020,Heterodera,oryzae,1
2020,Heterodera,salixophila,3
2020,Heterodera,schachtii,9
2020,Hirschmanniella,diversa,1
2020,Hirschmanniella,mucronata,1
2020,Hirschmanniella,oryzae,1
2020,Hoplolaimus,indicus,1
2020,Litylenchus,crenatae,3
2020,Longidorus,barsii,3
2020,Longidorus,brevicaudatus,3
2020,Longidorus,diadecturus,3
2020,Longidorus,goodeyi,3
2020,Longidorus,vineacola,1
2020,Meloidogyne,Javanica,1
2020,Meloidogyne,ardenensis,1
2020,Meloidogyne,arenaria,7
2020,Meloidogyne,basili,1
2020,Meloidogyne,chitwoodi,2
2020,Meloidogyne,enterolobii,15
2020,Meloidogyne,exigua,1
2020,Meloidogyne,graminis,3
2020,Meloidogyne,hapla,11
2020,Meloidogyne,hispanica,3
2020,Meloidogyne,incognita,71
2020,Meloidogyne,izalcoensis,2
2020,Meloidogyne,javanica,53
2020,Meloidogyne,kikuyensis,4
2020,Meloidogyne,konaensis,1
2020,Meloidogyne,luci,4
2020,Meloidogyne,minor,1
2020,Meloidogyne,morocciensis,2
2020,Meloidogyne,paranaensis,1
2020,Meloidogyne,partityla,1
2020,Meloidogyne,petuniae,2
2020,Meloidogyne,phaseoli,1
2020,Meloidogyne,xenoplax,2
2020,Mesocriconema,curvatum,2
2020,Mesocriconema,ornatum,2
2020,Nanidorus,renifer,3
2020,Paratrichodorus,porosus,1
2020,Paratrichodorus,renifer,4
2020,Paratrichodorus,teres,1
2020,Pratylenchus,P.brachyurus,3
2020,Pratylenchus,coffeae,2
2020,Pratylenchus,curvicauda,3
2020,Pratylenchus,flakkensis,1
2020,Pratylenchus,hexincisus,1
2020,Pratylenchus,hippeastri,2
2020,Pratylenchus,horti,1
2020,Pratylenchus,mediterraneus,1
2020,Pratylenchus,neglectus,2
2020,Pratylenchus,penetrans,6
2020,Pratylenchus,scribneri,1
2020,Pratylenchus,thornei,5
2020,Pratylenchus,zeae,3
2020,Radopholus,duriophilus,1
2020,Radopholus,similis,5
2020,Rotylenchulus,reniformis,4
2020,Rotylenchus,cypriensis,2
2020,Rotylenchus,robustus,2
2020,Scutellonema,bradys,1
2020,Trichodorus,porosus,1
2020,Tylenchorhynchus,agri,1
2020,Tylenchorhynchus,annulatus,1
2020,Tylenchorhynchus,brevilineatus,2
2020,Tylenchorhynchus,cylindricus,1
2020,Tylenchorhynchus,graciliformis,3
2020,Tylenchorhynchus,indicus,1
2020,Tylenchorhynchus,mediterraneus,1
2020,Tylenchorhynchus,zeae,10
2020,Tylenchulus,semipenetrans,5
2020,Xiphinema,adenohystherum,1
2020,Xiphinema,americanum,1
2020,Xiphinema,citricolum,2
2020,Xiphinema,georgianum,1
2020,Xiphinema,hispanum,3
2020,Xiphinema,hunaniense,2
2020,Xiphinema,index,2
2020,Xiphinema,insigne,1
2020,Xiphinema,laevistriatum,1
2020,Xiphinema,nigeriense,1
2020,Xiphinema,opisthohysterum,1
2020,Xiphinema,parachambersi,1
2020,Xiphinema,setariae,2
2021,2008,Direct Identification of the Meloidogyne incognita Secretome Reveals Proteins with Host Cell Reprogramming Potential,1
2021,Aphelenchoides,besseyi,3
2021,Aphelenchoides,hamospiculatus,3
2021,Aphelenchoides,heterophallus,3
2021,Aphelenchoides,oryzae,3
2021,Aphelenchoides,pseudobesseyi,9
2021,Aphelenchoides,pseudogoodeyi,2
2021,Bursaphelenchus,juglandis,3
2021,Bursaphelenchus,xylophilus,35
2021,Criconema,mutabile,1
2021,Ditylenchus,dipsaci,9
2021,Globodera,mexicana,1
2021,Globodera,rostochiensis,1
2021,Helicotylenchus,multicinctus,1
2021,Hemicycliophora,arenaria,1
2021,Hemicycliophora,cardamomi,3
2021,Hemicycliophora,typica,2
2021,Heterodera,carotae,1
2021,Heterodera,glycines,2
2021,Heterodera,pratensis,3
2021,Heterodera,zeae,1
2021,Hirschmanniella,diversa,1
2021,Hoplolaimus,Columbus,3
2021,Longidorus,quercus,6
2021,Meloidogyne,africana,1
2021,Meloidogyne,ethiopica,1
2021,Meloidogyne,incognita,10
2021,Meloidogyne,indica,1
2021,Meloidogyne,inornata,2
2021,Meloidogyne,marylandi,5
2021,Meloidogyne,nebraskense,3
2021,Meloidogyne,oryzae,1
2021,Meloidogyne,ottersoni,1
2021,Meloidogyne,salasi,1
2021,Mesocriconema,brevistylus,3
2021,Mesocriconema,nebraskense,2
2021,Mesocriconema,onoense,3
2021,Nacobbus,bolivianus,2
2021,Paratrichodorus,allius,1
2021,Pratylenchus,alleni,3
2021,Pratylenchus,bolivianus,1
2021,Pratylenchus,brachyurus,12
2021,Pratylenchus,crenatus,1
2021,Pratylenchus,goodeyi,2
2021,Pratylenchus,oleae,2
2021,Pratylenchus,pratensis,1
2021,Pratylenchus,pseudocoffeae,1
2021,Pratylenchus,teres,1
2021,Pratylenchus,vulnus,1
2021,Rotylenchulus,macrosoma,2
2021,Rotylenchulus,parvus,1
2021,Rotylenchus,wimbii,6
2021,Trichodorus,californicus,1
2021,Trichodorus,lownsberyi,9
2021,Trichodorus,pseudoaequalis,6
2021,Tylenchorhynchus,claytoni,1
2021,Xiphinema,cretense,1
2021,Xiphinema,dentatum,1
2021,Xiphinema,diffusum,5
2021,Xiphinema,montenegrinum,1
2021,Xiphinema,pachtaicum,1
2021,Xiphinema,paradentatum,1
2021,Xiphinema,santos,2
2021,Xiphinema,simile,1
2022,Anguina,tritici,1
2022,Aphelenchoides,besseyi,3
2022,Aphelenchoides,hamatus,1
2022,Bursaphelenchus,aberrans,1
2022,Bursaphelenchus,antoniae,1
2022,Bursaphelenchus,irokophilus,1
2022,Bursaphelenchus,thailandae,1
2022,Bursaphelenchus,willi,1
2022,Criconema,annuliferum,1
2022,Criconemoides,myungsugae,1
2022,Ditylenchus,gigas,1
2022,Ditylenchus,myceliophagus,1
2022,Ditylenchus,weischeri,1
2022,Helicotylenchus,abuharazi,1
2022,Helicotylenchus,abunaamai,1
2022,Helicotylenchus,exallus,1
2022,Helicotylenchus,microcephalus,1
2022,Heterodera,bifenestra,1
2022,Heterodera,cruciferae,2
2022,Heterodera,daverti,2
2022,Heterodera,delvii,1
2022,Heterodera,fici,1
2022,Heterodera,hordecalis,1
2022,Heterodera,humuli,1
2022,Heterodera,mani,1
2022,Heterodera,mediterranea,1
2022,Heterodera,oryzicola,1
2022,Heterodera,ripae,1
2022,Heterodera,ustinovi,1
2022,Hoplolaimus,puertoricensis,1
2022,Hoplolaimus,stephanus,1
2022,Hoplolaimus,tylenchiformis,1
2022,Litylenchus,coprosma,2
2022,Longidorus,apulus,1
2022,Longidorus,arthensis,1
2022,Longidorus,asiaticus,1
2022,Longidorus,elongatus,1
2022,Longidorus,euonymu,1
2022,Longidorus,leptocephalus,1
2022,Longidorus,martini,1
2022,Meloidogyne,JAVANICA,1
2022,Meloidogyne,arabicida,1
2022,Meloidogyne,brevicauda,1
2022,Meloidogyne,daklakensis,1
2022,Meloidogyne,decalineata,1
2022,Meloidogyne,fallax,1
2022,Meloidogyne,floridensis,14
2022,Meloidogyne,incognita,1
2022,Meloidogyne,javanica,1
2022,Meloidogyne,lopezi,1
2022,Mesocriconema,antipolitanum,2
2022,Mesocriconema,rusticum,1
2022,Mesocriconema,solivagum,1
2022,Mesocriconema,xenoplax,1
2022,Nacobbus,aberrans,2
2022,Nanidorus,minor,2
2022,Paratrichodorus,anemones,1
2022,Pratylenchus,Brachyurus,3
2022,Pratylenchus,araucensis,2
2022,Pratylenchus,capsici,1
2022,Pratylenchus,fallax,1
2022,Pratylenchus,gutierrezi,1
2022,Pratylenchus,jaehni,1
2022,Pratylenchus,loosi,1
2022,Pratylenchus,rwandae,1
2022,Pratylenchus,speijeri,1
2022,Radopholus,Similis,7
2022,Rotylenchulus,RENIFORMIS,1
2022,Rotylenchulus,borealis,1
2022,Rotylenchus,agnetis,3
2022,Rotylenchus,incultus,1
2022,Rotylenchus,paravitis,1
2022,Rotylenchus,pumilus,1
2022,Rotylenchus,rhomboides,1
2022,Rotylenchus,vitis,1
2022,Scutellonema,minutum,1
2022,Trichodorus,cylindricus,1
2022,Trichodorus,mirzai,1
2022,Trichodorus,viruliferus,1
2022,Tylenchorhynchus,acutus,1
2022,Tylenchorhynchus,aduncus,3
2022,Tylenchorhynchus,clarus,1
2022,Tylenchorhynchus,leviterminalis,1
2022,Tylenchorhynchus,microconus,1
2022,Tylenchulus,musicola,1
2022,Tylenchulus,palustris,1
2022,Xiphinema,meridianum,1
2022,Xiphinema,rivesi,1
2022,Xiphinema,robbinsi,1
2022,Xiphinema,vuittenezi,1
2023,Anguina,woodi,1
2023,Bursaphelenchus,Xylophilus,2
2023,Bursaphelenchus,xylophilus,1
2023,Ditylenchus,gallaeformans,1
2023,Globodera,Pallida,2
2023,Helicotylenchus,erythrinae,1
2023,Hemicycliophora,geraerti,3
2023,Hoplolaimus,galeatus,1
2023,Hoplolaimus,seinhorsti,1
2023,Meloidodera,ferrisi,1
2023,Meloidodera,tecoacensis,1
2023,Meloidogyne,fallax,1
2023,Mesocriconema,medani,1
2023,Pratylenchus,delattrei,2
2023,Rotylenchus,unisexus,1
2023,Xiphinema,aequum,1
2023,Xiphinema,horvatovicae,1
2023,Xiphinema,ifacolum,1
2023,Xiphinema,illyricum,1
2023,Xiphinema,macedonicum,1
